{"27a_rev_premium": {"LAYER": {"ouvert": true, "side": 1, "entry": 0.073935, "ts": "2026-06-22T19:13:07.862625+00:00"}}, "27b_rev_move": {}, "27c_mom_move": {}}