{"27f_selecteur": {"CASHCAT": {"side": -1, "notional": 107.0, "entry": 0.200675, "ts": "2026-07-11T22:01:31.979891+00:00"}}, "27f10_selecteur": {}, "27g10_selecteur": {}}