{"_rejets": {}, "28_carry_hold": {"ZRO": {"side": -1, "notional": 11.770000000000001, "entry": 0.79068, "ts": "2026-07-21T09:27:06.930228+00:00"}}}