{"_rejets": {}, "28_carry_hold": {"JUP": {"side": 1, "notional": 11.770000000000001, "entry": 0.1897, "ts": "2026-07-22T19:16:14.029114+00:00"}}}